City_ID,City,Country,Lat,Lng,Max Temp,Humidity,Cloudiness,Wind Speed,Current Description
0,Bradesti,RO,44.4833,23.6333,29.89,77,79,11.77,broken clouds
1,Vangaindrano,MG,-23.35,47.6,73.04,85,0,5.06,clear sky
2,Albany,US,42.6001,-73.9662,8.85,61,100,15.99,overcast clouds
3,Half Moon Bay,US,37.4636,-122.4286,64.08,61,0,1.99,clear sky
4,Esperance,AU,-33.8667,121.9,76.84,49,2,9.01,clear sky
5,Chapais,CA,49.7834,-74.8492,-18.62,99,6,2.59,clear sky
6,Airai,TL,-8.9266,125.4092,66.16,80,100,4.38,overcast clouds
7,Fortuna,US,40.5982,-124.1573,58.19,78,0,0.0,clear sky
8,Bredasdorp,ZA,-34.5322,20.0403,65.28,88,5,2.3,clear sky
9,Broome,US,42.2506,-75.833,10.02,76,75,4.0,broken clouds
10,Gat,IL,31.61,34.7642,49.41,100,0,1.81,clear sky
11,Provideniya,RU,64.3833,-173.3,4.86,86,24,4.0,few clouds
12,Leningradskiy,RU,69.3833,178.4167,-10.43,91,51,4.76,broken clouds
13,Butaritari,KI,3.0707,172.7902,82.56,72,78,18.01,broken clouds
14,Freeport,US,40.6576,-73.5832,20.52,63,100,7.0,overcast clouds
15,Porbandar,IN,21.6422,69.6093,64.15,51,0,7.67,clear sky
16,Thompson,CA,55.7435,-97.8558,-9.24,84,20,2.3,few clouds
17,Punta Arenas,CL,-53.15,-70.9167,51.91,50,0,6.91,clear sky
18,Solnechnyy,RU,50.7214,136.6319,-7.58,87,99,2.01,overcast clouds
19,Sangar,RU,63.9242,127.4739,-35.0,98,77,3.42,broken clouds
20,Bay Roberts,CA,47.5999,-53.2648,40.03,91,100,11.99,moderate rain
21,Dom Pedrito,BR,-30.9828,-54.6731,68.76,55,0,10.56,clear sky
22,Bowen,AU,-20.0167,148.2333,82.62,56,3,12.84,clear sky
23,Bluff,NZ,-46.6,168.3333,59.32,87,100,7.52,overcast clouds
24,Panzhihua,CN,26.5851,101.7128,44.13,53,0,1.72,clear sky
25,Margate,GB,51.3813,1.3862,44.31,74,7,7.0,clear sky
26,Jamestown,US,42.097,-79.2353,3.72,99,41,3.36,scattered clouds
27,New Norfolk,AU,-42.7826,147.0587,75.65,31,0,2.93,clear sky
28,Juneau,US,58.3019,-134.4197,37.22,92,100,3.0,light rain and snow
29,Hermanus,ZA,-34.4187,19.2345,65.8,83,1,10.89,clear sky
30,Barrow,US,71.2906,-156.7887,-18.09,100,72,9.91,broken clouds
31,Ushuaia,AR,-54.8,-68.3,44.26,87,100,4.61,light rain
32,Avarua,CK,-21.2078,-159.775,84.25,79,20,11.5,few clouds
33,Westport,US,41.1415,-73.3579,20.75,50,100,8.01,overcast clouds
34,Bol,TD,13.4586,14.7147,64.81,33,92,19.44,overcast clouds
35,Bud,US,39.447,-86.1758,23.86,63,91,6.38,overcast clouds
36,Hobart,AU,-42.8794,147.3294,77.02,57,20,1.01,few clouds
37,Bima,ID,-8.4667,118.7167,82.8,78,100,1.61,overcast clouds
38,Kalengwa,ZM,-13.4659,25.0027,63.27,99,100,4.05,light rain
39,Sibut,CF,5.718,19.0739,71.65,25,11,4.97,few clouds
40,Port Alfred,ZA,-33.5906,26.891,68.45,87,11,8.03,few clouds
41,Ixtapa,MX,20.7,-105.2,75.22,82,0,1.99,clear sky
42,Kapaa,US,22.0752,-159.319,80.58,67,18,1.01,few clouds
43,Ostrovnoy,RU,68.0531,39.5131,16.61,89,100,12.37,overcast clouds
44,Atambua,ID,-9.1061,124.8925,76.19,88,100,5.88,overcast clouds
45,Yellowknife,CA,62.456,-114.3525,-12.48,77,75,8.05,broken clouds
46,East London,ZA,-33.0153,27.9116,69.33,85,3,6.15,clear sky
47,Cape Town,ZA,-33.9258,18.4232,70.21,69,0,5.99,clear sky
48,Lasa,IT,46.6166,10.7002,34.29,81,15,9.01,few clouds
49,Nikolskoye,RU,59.7035,30.7861,26.87,90,100,16.64,snow
50,Akonolinga,CM,3.7667,12.25,64.58,39,99,2.57,overcast clouds
51,Yerbogachen,RU,61.2767,108.0108,-10.57,99,100,3.18,overcast clouds
52,Busselton,AU,-33.65,115.3333,77.04,60,7,13.0,clear sky
53,Shache,CN,38.4167,77.2406,23.85,48,9,3.11,clear sky
54,Nabire,ID,-3.3667,135.4833,83.93,66,100,0.94,overcast clouds
55,Markova,UA,48.6758,24.4138,32.11,68,100,22.57,overcast clouds
56,West Bay,KY,19.3667,-81.4167,75.27,68,75,3.0,broken clouds
57,Hilo,US,19.7297,-155.09,77.11,66,0,5.99,clear sky
58,Riyadh,SA,24.6877,46.7219,48.34,41,0,8.08,clear sky
59,Nargana,PA,9.4428,-78.5906,78.55,74,46,12.39,scattered clouds
60,Ruwi,OM,23.5996,58.5507,70.2,62,0,4.61,clear sky
61,Narsaq,GL,60.9167,-46.05,14.36,94,100,12.17,light snow
62,Mataura,NZ,-46.1927,168.8643,56.73,99,100,2.64,overcast clouds
63,Castro,BR,-24.7911,-50.0119,59.86,99,100,6.51,overcast clouds
64,Rikitea,PF,-23.1203,-134.9692,76.98,71,100,8.48,overcast clouds
65,Camacha,PT,33.0833,-16.3333,60.22,88,40,9.22,scattered clouds
66,Ribeira Grande,PT,38.5167,-28.7,58.68,75,98,4.65,overcast clouds
67,Devils Lake,US,48.1128,-98.8651,12.31,84,75,5.99,broken clouds
68,Boa Vista,BR,2.8197,-60.6733,82.38,54,20,10.36,few clouds
69,Port Lincoln,AU,-34.7333,135.8667,70.88,73,9,13.89,clear sky
70,Plouzane,FR,48.3833,-4.6167,48.52,100,100,4.61,mist
71,Fez,MA,34.0372,-4.9998,53.71,61,0,2.3,clear sky
72,Boralday,KZ,43.3578,76.8594,30.06,100,100,4.47,mist
73,Jega,NG,12.2175,4.3792,69.06,13,4,15.1,clear sky
74,Chokurdakh,RU,70.6333,147.9167,-12.35,87,98,1.36,overcast clouds
75,Rovaniemi,FI,66.5,25.7167,9.81,92,20,14.97,few clouds
76,Kavieng,PG,-2.5744,150.7967,83.37,73,100,5.91,light rain
77,Itaituba,BR,-4.2761,-55.9836,71.38,100,100,1.19,overcast clouds
78,Pontianak,ID,-0.0333,109.3333,76.98,94,40,3.44,mist
79,Lagoa,PT,39.05,-27.9833,58.14,73,8,15.23,clear sky
80,Tasiilaq,GL,65.6145,-37.6368,9.82,75,100,7.56,light snow
81,Bethel,US,41.3712,-73.414,18.48,61,100,3.0,overcast clouds
82,Payakumbuh,ID,-0.2202,100.6308,72.82,93,100,1.48,overcast clouds
83,Iranshahr,IR,27.2025,60.6848,55.74,47,0,6.91,clear sky
84,Sao Pedro,BR,-22.5486,-47.9139,72.19,96,100,2.42,overcast clouds
85,Te Anau,NZ,-45.4167,167.7167,57.42,93,100,0.72,moderate rain
86,Saldanha,ZA,-33.0117,17.9442,62.65,84,0,12.48,clear sky
87,Grindavik,IS,63.8424,-22.4338,36.07,75,75,13.8,broken clouds
88,Upernavik,GL,72.7868,-56.1549,-0.85,96,100,7.56,overcast clouds
89,Vaini,TO,-21.2,-175.2,81.77,76,100,11.88,light rain
90,Coquimbo,CL,-29.9533,-71.3436,63.3,78,10,8.39,clear sky
91,Atuona,PF,-9.8,-139.0333,77.77,79,22,12.01,light rain
92,Akyab,MM,20.15,92.9,56.32,69,0,7.47,clear sky
93,Brae,GB,60.3964,-1.353,39.11,61,78,28.68,broken clouds
94,Laguna,US,38.421,-121.4238,63.05,44,0,4.61,clear sky
95,Sao Filipe,CV,14.8961,-24.4956,70.63,73,31,11.48,scattered clouds
96,Requena,ES,39.4883,-1.1004,39.79,30,0,3.47,clear sky
97,Chifeng,CN,42.2683,118.9636,15.3,34,0,3.69,clear sky
98,Bilma,NE,18.6853,12.9164,56.32,21,0,12.57,clear sky
99,Tuktoyaktuk,CA,69.4541,-133.0374,-7.02,96,100,16.71,overcast clouds
100,Ancud,CL,-41.8697,-73.8203,56.43,90,100,11.39,light rain
101,Uthal,PK,25.8072,66.6219,63.43,72,0,1.32,clear sky
102,Tomatlan,MX,19.9333,-105.25,71.49,76,0,3.58,clear sky
103,Katsuura,JP,35.1333,140.3,47.19,57,92,16.69,overcast clouds
104,The Pas,CA,53.8251,-101.2541,-7.53,100,95,2.35,overcast clouds
105,Abapo,BO,-18.8333,-63.4667,74.44,46,92,2.64,overcast clouds
106,Naryan-Mar,RU,67.6713,53.087,16.03,94,100,15.1,light snow
107,Hinton,CA,53.4001,-117.5857,31.42,87,100,6.11,overcast clouds
108,Tura,IN,25.5198,90.2201,49.48,67,0,2.24,clear sky
109,Moron,AR,-34.6534,-58.6198,77.99,70,51,3.0,broken clouds
110,Constitucion,CL,-35.3333,-72.4167,58.39,93,45,8.39,scattered clouds
111,Tiznit,MA,29.5833,-9.5,57.63,30,0,25.61,clear sky
112,Mahebourg,MU,-20.4081,57.7,76.24,74,100,12.26,overcast clouds
113,Martigny,CH,46.0833,7.0833,39.92,71,4,3.53,clear sky
114,Tombouctou,ML,20.0,-3.0,71.08,11,100,13.24,overcast clouds
115,Qaanaaq,GL,77.484,-69.3632,3.94,90,100,11.12,overcast clouds
116,Hasaki,JP,35.7333,140.8333,43.29,53,42,18.05,scattered clouds
117,San Patricio,US,28.017,-97.5169,55.83,46,17,10.09,few clouds
118,Aykhal,RU,66.0,111.5,-20.24,100,5,5.53,clear sky
119,Cap-Aux-Meules,CA,47.3821,-61.8597,30.25,100,100,32.21,snow
120,Jurado,CO,7.1053,-77.7641,76.3,82,60,4.54,broken clouds
121,Namibe,AO,-15.1961,12.1522,70.57,76,100,5.73,overcast clouds
122,Los Llanos De Aridane,ES,28.6585,-17.9182,58.75,75,100,8.01,haze
123,Sitka,US,57.0531,-135.33,34.12,92,100,11.59,snow
124,Jauja,PE,-11.7758,-75.4966,48.02,87,100,2.57,overcast clouds
125,Roald,NO,62.5833,6.1333,42.33,70,40,26.46,scattered clouds
126,Severo-Kurilsk,RU,50.6789,156.125,24.85,84,100,16.73,light snow
127,Olinda,BR,-8.0089,-34.8553,76.66,81,99,5.19,overcast clouds
128,Tiarei,PF,-17.5333,-149.3333,82.42,75,71,9.6,light rain
129,Gerash,IR,27.6652,54.1371,53.19,45,0,3.91,clear sky
130,Lavrentiya,RU,65.5833,-171.0,-2.2,86,3,3.51,clear sky
131,Saryozek,KZ,44.3583,77.9753,19.56,90,100,2.89,overcast clouds
132,Valdivia,CL,-39.8142,-73.2459,55.36,86,93,3.67,overcast clouds
133,Sibolga,ID,1.7427,98.7792,77.02,87,37,1.34,scattered clouds
134,Najran,SA,17.4924,44.1277,57.9,54,5,0.89,clear sky
135,Barreirinhas,BR,-2.7469,-42.8264,75.18,86,100,3.38,light rain
136,Krasnoarmeysk,RU,51.0239,45.6969,32.07,94,100,13.42,overcast clouds
137,Vanimo,PG,-2.6741,141.3028,80.26,80,100,9.48,moderate rain
138,Riom,FR,45.9167,2.9167,31.78,96,100,1.97,overcast clouds
139,Georgetown,MY,5.4112,100.3354,81.9,83,20,3.44,haze
140,Touros,BR,-5.1989,-35.4608,77.88,82,98,10.71,overcast clouds
141,Armidale,AU,-30.5167,151.65,74.8,39,86,5.44,overcast clouds
142,Mapastepec,MX,15.4333,-92.9,76.87,61,1,9.22,clear sky
143,Ekhabi,RU,53.5102,142.9671,-5.4,91,64,9.78,broken clouds
144,Dikson,RU,73.5069,80.5464,7.61,94,100,18.97,light snow
145,Norman Wells,CA,65.282,-126.8329,-22.34,98,100,2.06,overcast clouds
146,La Ronge,CA,55.1001,-105.2842,-4.9,100,99,3.33,overcast clouds
147,Barbosa Ferraz,BR,-24.03,-52.0117,68.65,87,98,6.69,overcast clouds
148,Shellbrook,CA,53.2168,-106.4011,4.44,98,81,5.28,broken clouds
149,Bambous Virieux,MU,-20.3428,57.7575,76.21,75,100,12.46,overcast clouds
150,Beloha,MG,-25.1667,45.05,71.74,88,13,10.07,few clouds
151,Minab,IR,27.1467,57.0801,64.47,74,0,2.89,clear sky
152,Inverell,AU,-29.7833,151.1167,86.67,54,85,4.0,overcast clouds
153,Saint George,US,37.1041,-113.5841,52.95,16,0,3.0,clear sky
154,Anadyr,RU,64.75,177.4833,-14.78,99,86,2.3,overcast clouds
155,Yei,SS,4.095,30.6779,68.11,39,4,0.94,clear sky
156,Qaqortoq,GL,60.7167,-46.0333,12.7,91,100,15.05,light snow
157,Conde,BR,-7.2597,-34.9075,75.42,83,97,6.8,overcast clouds
158,Sinnai,IT,39.3042,9.2036,46.47,58,0,6.91,clear sky
159,Qandala,SO,11.472,49.8728,72.14,67,80,3.98,broken clouds
160,Dunedin,NZ,-45.8742,170.5036,58.03,92,100,4.65,overcast clouds
161,Marzuq,YE,14.4,46.4667,58.69,77,10,3.4,clear sky
162,Longyearbyen,SJ,78.2186,15.6401,6.64,66,0,17.27,clear sky
163,Puerto Ayora,EC,-0.7393,-90.3518,73.96,82,34,6.33,scattered clouds
164,Curillo,CO,1.0333,-75.9191,76.55,81,100,2.15,overcast clouds
165,Tabuk,PH,17.4189,121.4443,77.02,86,48,4.32,scattered clouds
166,Sobolevo,RU,54.4299,31.8996,23.05,92,100,17.54,light snow
167,Williston,US,48.147,-103.618,29.14,96,10,1.95,clear sky
168,Olafsvik,IS,64.8945,-23.7142,37.56,65,100,21.97,overcast clouds
169,Rocha,UY,-34.4833,-54.3333,64.04,84,2,8.61,clear sky
170,Baykit,RU,61.67,96.37,-11.43,100,100,1.66,overcast clouds
171,Eyl,SO,7.9803,49.8164,72.91,64,87,17.38,overcast clouds
172,Saskylakh,RU,71.9167,114.0833,-19.82,100,100,3.78,overcast clouds
173,Tara,RU,56.8944,74.371,5.86,86,100,8.66,overcast clouds
174,Cherskiy,RU,68.75,161.3,-25.6,99,100,1.95,overcast clouds
175,Beringovskiy,RU,63.05,179.3167,-8.99,99,75,3.0,broken clouds
176,Pitimbu,BR,-7.4706,-34.8086,77.38,81,86,7.38,overcast clouds
177,Buraydah,SA,26.326,43.975,50.45,39,0,14.38,clear sky
178,Hamilton,US,39.1834,-84.5333,23.76,67,87,1.99,overcast clouds
179,Khatanga,RU,71.9667,102.5,-6.61,97,97,8.03,overcast clouds
180,Katherine,AU,-14.4667,132.2667,84.52,70,100,16.11,overcast clouds
181,Nishihara,JP,26.1842,127.7558,64.06,91,100,8.05,overcast clouds
182,Alta Floresta,BR,-9.8756,-56.0861,69.51,99,100,2.91,moderate rain
183,Chuy,UY,-33.6971,-53.4616,65.79,78,0,7.58,clear sky
184,Mount Isa,AU,-20.7333,139.5,82.17,83,75,12.66,broken clouds
185,Northam,GB,51.0333,-4.2167,43.39,86,44,6.6,scattered clouds
186,Saint-Pierre,RE,-21.3393,55.4781,76.68,73,15,6.91,few clouds
187,Yakymivka,UA,46.6897,35.1536,27.63,88,10,9.86,clear sky
188,Mayo,US,38.8876,-76.5119,24.08,43,0,13.0,clear sky
189,Tuatapere,NZ,-46.1333,167.6833,61.56,83,100,4.76,overcast clouds
190,Harper,LR,4.375,-7.7169,78.8,87,10,5.86,clear sky
191,Verdun,FR,49.25,5.3333,47.7,93,100,10.94,overcast clouds
192,Colac,AU,-38.3333,143.5833,71.62,81,98,7.25,overcast clouds
193,Paamiut,GL,61.994,-49.6678,14.14,69,100,15.28,light snow
194,Abu Samrah,SY,35.3029,37.1841,38.28,86,19,6.49,few clouds
195,Saint-Joseph,RE,-21.3667,55.6167,75.58,82,40,10.94,scattered clouds
196,Linqiong,CN,30.4159,103.4609,40.64,90,100,3.49,overcast clouds
197,Sao Felix Do Xingu,BR,-6.6447,-51.995,70.95,96,100,1.63,light rain
198,Corrente,BR,-3.7367,-43.3394,72.9,89,100,2.98,moderate rain
199,Wanaka,NZ,-44.7,169.15,72.1,41,100,5.01,light rain
200,Galle,LK,6.0367,80.217,76.87,80,5,4.25,clear sky
201,Henties Bay,NA,-22.116,14.2845,61.86,83,77,3.22,broken clouds
202,Klaksvik,FO,62.2266,-6.589,32.92,63,100,13.67,overcast clouds
203,Mashivka,UA,49.4431,34.8669,25.25,94,100,10.69,overcast clouds
204,Hithadhoo,MV,-0.6,73.0833,80.76,68,78,2.55,broken clouds
205,Asau,RO,46.4333,26.4,34.75,66,100,10.49,overcast clouds
206,Lebu,CL,-37.6167,-73.65,58.41,88,0,9.04,clear sky
207,Chinhoyi,ZW,-17.3667,30.2,64.67,95,99,9.19,light rain
208,Christchurch,NZ,-43.5333,172.6333,75.99,46,86,3.0,overcast clouds
209,Paragominas,BR,-2.9667,-47.4833,70.99,99,100,2.48,overcast clouds
210,Shingu,JP,33.7333,135.9833,46.42,45,100,3.98,overcast clouds
211,Nuuk,GL,64.1835,-51.7216,11.01,79,100,23.02,light shower snow
212,Tateyama,JP,34.9833,139.8667,47.1,57,56,14.18,broken clouds
213,Grand-Santi,GF,4.25,-54.3833,71.11,97,16,2.53,few clouds
214,Kalaleh,IR,37.3807,55.4916,40.78,64,3,3.31,clear sky
215,Saint-Leu,RE,-21.15,55.2833,76.06,78,24,7.18,few clouds
216,Souillac,MU,-20.5167,57.5167,76.35,75,100,11.39,overcast clouds
217,Guerrero Negro,MX,27.9769,-114.0611,64.24,41,2,13.15,clear sky
218,Vila Velha,BR,-20.3297,-40.2925,80.55,86,20,5.01,few clouds
219,Carnarvon,AU,-24.8667,113.6333,80.67,78,100,14.97,overcast clouds
220,Apiai,BR,-24.5094,-48.8425,59.85,100,100,1.5,overcast clouds
221,Kruisfontein,ZA,-34.0033,24.7314,58.89,91,3,4.36,clear sky
222,Kushikino,JP,31.7167,130.2667,47.43,60,100,10.31,overcast clouds
223,Praia,CV,14.9215,-23.5087,70.34,68,75,16.11,broken clouds
224,Clyde River,CA,70.4692,-68.5914,-7.37,71,100,5.75,light snow
225,Banjar,ID,-8.19,114.9675,82.26,86,100,4.18,light rain
226,Oussouye,SN,12.485,-16.5469,73.45,56,100,11.43,overcast clouds
227,Baruun-Urt,MN,46.6806,113.2792,-6.54,84,82,4.47,broken clouds
228,Mar Del Plata,AR,-38.0023,-57.5575,74.88,71,78,20.0,broken clouds
229,Bandipur,NP,27.9333,84.4167,38.8,82,1,2.28,clear sky
230,Codrington,AU,-38.2667,141.9667,71.76,74,100,8.05,overcast clouds
231,Reconquista,AR,-29.15,-59.65,73.76,41,0,6.64,clear sky
232,Arauca,CO,7.0847,-70.7591,86.0,51,5,2.3,clear sky
233,Coahuayana,MX,18.7333,-103.6833,83.68,75,0,2.84,clear sky
234,Usak,TR,38.5,29.4167,25.11,81,100,4.83,overcast clouds
235,Sao Joao Da Barra,BR,-21.6403,-41.0511,75.88,92,100,6.42,overcast clouds
236,Alofi,NU,-19.0595,-169.9187,81.84,71,100,7.9,overcast clouds
237,Sfantu Gheorghe,RO,45.8667,25.7833,20.93,95,100,1.99,overcast clouds
238,Maneadero,MX,31.7167,-116.5667,61.2,76,90,5.01,overcast clouds
239,Ponta Do Sol,PT,32.6667,-17.1,63.23,40,15,6.02,few clouds
240,Nanortalik,GL,60.1432,-45.2371,20.68,69,100,27.87,light snow
241,Great Bend,US,38.3645,-98.7648,42.85,63,0,1.01,clear sky
242,Geraldton,AU,-28.7667,114.6,82.81,54,0,12.66,clear sky
243,Kavaratti,IN,10.5669,72.642,80.82,71,92,8.39,overcast clouds
244,Richards Bay,ZA,-28.783,32.0377,69.22,87,5,0.87,clear sky
245,Ngaoundere,CM,7.3167,13.5833,59.5,23,100,5.68,overcast clouds
246,Bonavista,CA,48.6499,-53.1147,37.11,95,100,43.11,moderate rain
247,Vilcun,CL,-38.65,-72.2333,56.14,67,10,2.19,clear sky
248,Galesong,ID,-5.3166,119.3661,78.82,77,100,5.57,overcast clouds
249,Manokwari,ID,-0.8667,134.0833,82.08,70,100,8.03,overcast clouds
250,Sola,VU,-13.8833,167.55,81.97,79,100,17.0,overcast clouds
251,Nieuwpoort,BE,51.1244,2.7735,46.02,81,0,11.5,clear sky
252,Davenda,RU,53.5556,119.317,-6.95,86,6,4.14,clear sky
253,Ulladulla,AU,-35.35,150.4667,82.87,64,57,8.05,broken clouds
254,Torbay,CA,47.6666,-52.7314,39.58,96,100,31.07,heavy intensity rain
255,Uncia,BO,-18.467,-66.5685,43.48,91,100,3.62,overcast clouds
256,Alyangula,AU,-13.8483,136.4192,83.28,76,100,17.16,light rain
257,Gualaco,HN,15.05,-86.05,64.54,94,71,3.56,broken clouds
258,Ballitoville,ZA,-29.539,31.2144,71.24,85,35,5.73,scattered clouds
259,Cayenne,GF,4.9333,-52.3333,79.09,85,20,0.0,few clouds
260,Urumqi,CN,43.801,87.6005,-6.65,84,75,2.24,mist
261,San Ramon,US,37.7799,-121.978,62.74,50,0,3.44,clear sky
262,Ulaanbaatar,MN,47.9077,106.8832,-12.57,99,88,4.41,overcast clouds
263,Faya,SA,18.3851,42.4509,52.32,83,4,5.32,clear sky
264,Vostok,RU,46.4856,135.8833,-7.11,91,58,3.18,broken clouds
265,Roebourne,AU,-20.7833,117.1333,89.8,45,56,12.66,broken clouds
266,College,US,64.8569,-147.8028,-6.14,73,20,0.0,few clouds
267,Athens,GR,37.9795,23.7162,49.39,77,75,10.0,broken clouds
268,Marrakesh,MA,31.6315,-8.0083,55.47,47,40,6.91,scattered clouds
269,Chara,RU,56.9064,118.2631,-18.29,88,49,0.81,scattered clouds
270,Araouane,ML,18.9048,-3.5265,70.66,11,68,14.76,broken clouds
271,Pacific Grove,US,36.6177,-121.9166,63.0,61,0,3.0,clear sky
272,Sorland,NO,67.667,12.6934,35.82,60,100,24.23,overcast clouds
273,Eston,CA,51.1501,-108.7514,20.91,88,100,4.45,overcast clouds
274,Veraval,IN,20.9,70.3667,65.75,35,0,8.14,clear sky
275,Puerto Leguizamo,CO,-0.1934,-74.7819,77.14,63,56,1.03,broken clouds
276,Hrubieszow,PL,50.805,23.8925,34.03,97,100,24.61,light snow
277,Eau Claire,US,44.8114,-91.4985,21.58,63,0,3.44,clear sky
278,Flinders,AU,-34.5833,150.8552,86.81,71,97,8.46,overcast clouds
279,Hualmay,PE,-11.0964,-77.6139,70.27,83,35,9.46,scattered clouds
280,Mbala,ZM,-8.8402,31.3659,60.21,93,100,1.5,light rain
281,Trat,TH,12.5,102.5,84.25,89,85,1.88,overcast clouds
282,Egvekinot,RU,66.3167,-179.1667,-4.86,70,10,1.28,clear sky
283,Fukue,JP,32.6881,128.8419,47.59,49,100,15.46,overcast clouds
284,Naliya,IN,23.2667,68.8333,61.9,83,0,5.06,clear sky
285,Andrychow,PL,49.855,19.3383,41.72,95,100,24.61,overcast clouds
286,Launceston,AU,-41.45,147.1667,76.6,55,0,5.01,clear sky
287,Panaba,MX,21.2833,-88.2667,63.54,67,26,10.18,scattered clouds
288,Zyryanka,RU,65.75,150.85,-22.88,100,99,0.65,overcast clouds
289,Nome,US,64.5011,-165.4064,3.16,54,0,0.0,clear sky
290,Parana,AR,-31.732,-60.5238,70.47,78,0,8.59,clear sky
291,Ouadda,CF,8.0777,22.4007,60.8,23,8,5.37,clear sky
292,Piacabucu,BR,-10.4056,-36.4344,77.99,65,100,6.73,overcast clouds
293,Eureka,US,40.8021,-124.1637,56.19,79,2,1.01,clear sky
294,Tikapur,NP,28.5,81.1333,46.62,89,0,1.66,clear sky
295,Cascais,PT,38.6979,-9.4215,58.05,34,100,5.01,overcast clouds
296,Longonjo,AO,-12.9067,15.2533,62.46,98,100,3.76,overcast clouds
297,Grand Gaube,MU,-20.0064,57.6608,76.37,78,100,1.99,overcast clouds
298,Kununurra,AU,-15.7667,128.7333,85.98,74,75,12.66,light rain
299,Saint-Philippe,RE,-21.3585,55.7679,76.59,83,75,10.29,broken clouds
300,Nurota,UZ,40.5614,65.6886,26.69,73,1,5.59,clear sky
301,Yar-Sale,RU,66.8333,70.8333,-9.9,98,84,8.41,broken clouds
302,Tiksi,RU,71.6872,128.8694,-9.56,98,51,4.34,broken clouds
303,Port Hawkesbury,CA,45.6169,-61.3485,49.12,99,100,5.01,overcast clouds
304,Burley,US,42.5357,-113.7928,20.3,68,0,0.0,clear sky
305,Maceio,BR,-9.6658,-35.7353,78.24,83,40,2.3,scattered clouds
306,Pringsewu,ID,-5.3582,104.9744,77.58,88,100,0.49,heavy intensity rain
307,Luderitz,NA,-26.6481,15.1594,68.07,76,32,5.1,scattered clouds
308,Birobidzhan,RU,48.8,132.95,-10.71,86,4,0.58,clear sky
309,Hambantota,LK,6.1241,81.1185,73.74,100,20,2.3,few clouds
310,Bolshaya Izhora,RU,59.938,29.5772,27.09,91,100,23.22,snow
311,Taraz,KZ,42.9,71.3667,28.81,93,100,4.47,overcast clouds
312,Trofors,NO,65.5333,13.4063,33.15,96,100,1.9,light snow
313,Karratha,AU,-20.7377,116.8463,85.82,51,96,14.61,overcast clouds
314,Moerai,PF,-22.4333,-151.3333,79.84,75,6,8.19,clear sky
315,Sumbe,AO,-11.2061,13.8437,77.05,89,100,4.81,overcast clouds
316,Yanam,IN,16.7333,82.2167,70.2,97,78,3.2,broken clouds
317,Jumla,NP,29.2747,82.1838,30.9,40,0,5.57,clear sky
318,Evensk,RU,61.95,159.2333,20.17,79,100,8.93,overcast clouds
319,Muros,ES,42.7762,-9.0603,51.84,80,11,4.74,few clouds
320,Mafinga,TZ,-7.25,35.0667,64.04,95,100,0.87,overcast clouds
321,Kyren,RU,51.6828,102.1408,-7.28,91,32,1.01,scattered clouds
322,Natal,BR,-5.795,-35.2094,75.85,94,75,4.61,broken clouds
323,Cairns,AU,-16.9167,145.7667,90.95,88,100,10.36,overcast clouds
324,Xuchang,CN,34.0167,113.8167,32.23,82,6,6.38,clear sky
325,Damghan,IR,36.1683,54.348,32.18,52,0,3.36,clear sky
326,Aktash,RU,50.3,87.7333,-16.69,79,41,4.34,scattered clouds
327,Baculin,PH,7.4525,126.5842,82.58,67,82,2.71,broken clouds
328,Yumen,CN,40.2833,97.2,11.37,66,0,7.63,clear sky
329,Bure,ET,10.7,37.0667,57.06,64,96,3.02,overcast clouds
330,Juli,PE,-16.2167,-69.45,46.89,81,100,4.23,light rain
331,Urucara,BR,-2.5364,-57.76,73.62,99,100,3.24,overcast clouds
332,Imeni Poliny Osipenko,RU,52.4201,136.4853,-9.38,96,100,6.53,light snow
333,Ust-Nera,RU,64.5667,143.2,-16.11,100,70,1.23,broken clouds
334,Takoradi,GH,4.8845,-1.7554,78.69,89,38,3.44,scattered clouds
335,Bose,IT,45.4612,8.0137,42.21,53,17,3.04,few clouds
336,Baraki Barak,AF,33.9675,68.9486,12.72,80,0,3.29,clear sky
337,Pangnirtung,CA,66.1451,-65.7125,-19.44,99,100,3.0,overcast clouds
338,Humaita,BR,-7.5061,-63.0208,71.67,99,100,1.9,overcast clouds
339,Oudtshoorn,ZA,-33.5907,22.2014,63.52,83,0,1.7,clear sky
340,Portland,US,45.5234,-122.6762,50.29,61,75,3.0,broken clouds
341,Aragarcas,BR,-15.8975,-52.2508,71.91,96,100,4.34,moderate rain
342,Nantucket,US,41.2835,-70.0995,21.31,86,100,24.16,mist
343,Fairbanks,US,64.8378,-147.7164,-13.0,74,0,0.0,clear sky
344,Berbera,SO,10.4396,45.0143,71.17,72,10,5.37,clear sky
345,Lompoc,US,34.6391,-120.4579,65.12,59,0,5.75,clear sky
346,Dongkan,CN,33.9997,119.8308,36.07,49,100,5.82,overcast clouds
347,Pisco,PE,-13.7,-76.2167,69.85,78,0,14.97,clear sky
348,Pevek,RU,69.7008,170.3133,-17.3,99,100,3.71,overcast clouds
349,Celestun,MX,20.8667,-90.4,67.21,63,96,14.67,overcast clouds
350,Port Macquarie,AU,-31.4333,152.9167,81.9,62,22,7.18,few clouds
351,Skibbereen,IE,51.55,-9.2667,42.6,79,41,4.07,scattered clouds
352,Charters Towers,AU,-20.1,146.2667,83.98,50,2,8.72,clear sky
353,Isangel,VU,-19.55,169.2667,80.82,85,100,13.82,moderate rain
354,Buta,CD,2.7858,24.73,65.52,37,2,1.52,clear sky
355,Badarganj,BD,25.674,89.0549,53.06,56,0,3.15,clear sky
356,Busko-Zdroj,PL,50.4708,20.7188,42.01,93,100,28.41,overcast clouds
357,Oktyabrskiy,RU,54.4815,53.471,11.52,96,100,4.5,overcast clouds
358,Tommot,RU,58.9564,126.2925,-4.97,94,100,8.3,overcast clouds
359,Arraial Do Cabo,BR,-22.9661,-42.0278,74.71,94,100,11.63,overcast clouds
360,Anloga,GH,5.7947,0.8973,79.18,84,78,4.56,broken clouds
361,Togitsu,JP,32.8333,129.85,43.99,55,100,6.33,overcast clouds
362,Murray Bridge,AU,-35.1167,139.2667,89.31,46,0,5.82,clear sky
363,Bidar,IN,17.9,77.55,58.06,27,47,1.28,scattered clouds
364,Kasongo-Lunda,CD,-6.4667,16.8167,72.57,83,100,0.54,overcast clouds
365,Ulaangom,MN,49.9811,92.0667,-24.38,90,94,3.47,overcast clouds
366,San Cristobal,VE,7.7669,-72.225,71.78,84,69,3.06,broken clouds
367,Tumpat,MY,6.1978,102.171,77.94,82,8,3.71,clear sky
368,Broken Hill,AU,-31.95,141.4333,84.51,53,9,8.57,clear sky
369,Port Hardy,CA,50.6996,-127.4199,47.75,94,100,18.07,light rain
370,Barabai,ID,-2.5833,115.3833,80.92,71,100,0.87,overcast clouds
371,Faanui,PF,-16.4833,-151.75,80.65,71,99,8.23,overcast clouds
372,Ndele,CF,8.4109,20.6473,66.67,21,94,5.48,overcast clouds
373,Quatre Cocos,MU,-20.2078,57.7625,76.08,77,100,12.59,overcast clouds
374,Sur,OM,22.5667,59.5289,69.85,51,5,2.53,clear sky
375,Oranjemund,NA,-28.55,16.4333,65.21,86,78,7.25,broken clouds
376,Sinnamary,GF,5.3833,-52.95,75.87,87,18,7.67,few clouds
377,Bengkulu,ID,-3.8004,102.2655,77.97,87,100,3.8,overcast clouds
378,Horki,BY,54.2861,30.9842,23.52,95,100,20.29,snow
379,Kholtoson,RU,50.2981,103.3097,-12.78,98,18,3.2,few clouds
380,Atlantic Beach,US,30.3344,-81.3987,42.91,41,0,11.5,clear sky
381,Hidrolandia,BR,-4.4081,-40.4378,74.95,76,100,2.48,overcast clouds
382,Tabou,CI,4.423,-7.3528,78.66,87,7,4.16,light rain
383,Nuevo Progreso,MX,23.1667,-97.95,64.6,74,7,3.04,clear sky
384,Xining,CN,36.6167,101.7667,9.5,66,40,2.06,scattered clouds
385,Garden City,US,42.3256,-83.331,17.98,72,40,8.05,scattered clouds
386,Korla,CN,41.7597,86.1469,23.14,55,100,8.25,overcast clouds
387,Mackenzie,CA,55.2999,-123.1698,30.42,93,100,10.36,overcast clouds
388,Carauari,BR,-4.8828,-66.8958,73.83,98,100,2.82,overcast clouds
389,Kawalu,ID,-7.3817,108.2082,76.17,89,100,0.85,overcast clouds
390,Kolondieba,ML,11.0882,-6.8926,73.98,19,48,3.65,scattered clouds
391,Xichang,CN,27.8964,102.2634,39.15,67,2,0.76,clear sky
392,Swift Current,CA,50.2834,-107.8014,19.72,86,100,6.24,overcast clouds
393,Puerto Madryn,AR,-42.7692,-65.0385,78.42,38,97,9.44,overcast clouds
394,Mairana,BO,-18.1167,-63.9333,60.42,79,97,3.38,overcast clouds
395,Nhulunbuy,AU,-12.2333,136.7667,83.01,83,100,11.5,light rain
396,Omboue,GA,-1.5746,9.2618,77.95,90,100,5.28,overcast clouds
397,Saint-Augustin,CA,51.226,-58.6502,9.03,94,100,25.1,snow
398,Mitsamiouli,KM,-11.3847,43.2844,80.49,72,8,1.05,clear sky
399,Sandnessjoen,NO,66.0217,12.6316,33.78,91,100,1.99,light snow
400,Fare,PF,-16.7,-151.0167,80.78,72,94,7.78,overcast clouds
401,Bad Reichenhall,DE,47.7333,12.8833,46.11,87,75,11.5,broken clouds
402,Vila Franca Do Campo,PT,37.7167,-25.4333,57.61,72,82,9.93,broken clouds
403,Siderno,IT,38.2779,16.302,50.85,62,5,7.9,clear sky
404,Kodiak,US,57.79,-152.4072,35.11,55,0,12.66,clear sky
405,Peniche,PT,39.3558,-9.3811,56.68,47,8,8.66,clear sky
406,Meulaboh,ID,4.1363,96.1285,76.55,90,39,5.12,scattered clouds
407,Mabaruma,GY,8.2,-59.7833,71.04,86,11,3.24,few clouds
408,Novobirilyussy,RU,56.9514,90.6661,0.5,97,92,3.74,overcast clouds
409,Kathu,TH,7.9178,98.3332,85.69,85,47,8.59,scattered clouds
410,Ushtobe,KZ,45.2514,77.9838,26.96,94,100,7.05,light snow
411,San Quintin,MX,30.4833,-115.95,61.97,50,0,7.65,clear sky
412,Gambela,ET,8.25,34.5833,77.83,36,30,1.23,scattered clouds
413,Mahibadhoo,MV,3.7833,72.9667,81.57,69,26,10.71,scattered clouds
414,Trebon,CZ,49.0036,14.7707,44.38,77,100,25.28,light rain
415,Nyagan,RU,62.1406,65.3936,4.19,95,100,3.71,overcast clouds
416,Cap Malheureux,MU,-19.9842,57.6142,76.46,78,100,1.99,overcast clouds
417,Bonfim,BR,3.0833,-59.95,82.78,47,71,9.15,broken clouds
418,Leca Da Palmeira,PT,41.191,-8.7003,51.94,37,0,8.05,clear sky
419,Hofn,IS,64.2539,-15.2082,31.46,60,100,6.71,overcast clouds
420,Leh,IN,34.1667,77.5833,-4.05,96,100,2.44,overcast clouds
421,Jalu,LY,29.0331,21.5482,53.56,48,100,15.26,overcast clouds
422,Warri,NG,5.5167,5.75,72.48,62,90,2.44,overcast clouds
423,Saint-Paul,RE,-21.0096,55.2707,77.11,81,9,1.95,clear sky
424,Sivaki,RU,52.6333,126.75,-1.55,83,71,8.43,broken clouds
425,Alice Springs,AU,-23.7,133.8833,76.55,88,100,17.27,overcast clouds
426,Novopavlovka,RU,51.2172,109.2091,-20.7,100,94,1.12,overcast clouds
427,Iqaluit,CA,63.7506,-68.5145,-16.78,90,100,6.87,overcast clouds
428,Castano Primo,IT,45.5536,8.7754,44.47,58,9,1.99,clear sky
429,Bom Jesus,BR,-9.0744,-44.3586,69.3,92,88,2.73,overcast clouds
430,Farafangana,MG,-22.8167,47.8333,74.75,80,12,5.95,few clouds
431,Paita,PE,-5.0892,-81.1144,73.96,78,30,9.62,scattered clouds
432,Atherton,GB,53.5237,-2.4935,44.35,80,54,3.0,broken clouds
433,Roma,US,43.2128,-75.4557,6.66,59,0,8.05,clear sky
434,Pinawa,CA,50.1489,-95.8811,7.65,97,99,5.21,overcast clouds
435,Savannah Bight,HN,16.45,-85.85,77.11,77,74,21.83,broken clouds
436,Omsukchan,RU,62.5333,155.8,-4.14,97,100,5.75,overcast clouds
437,Neutraubling,DE,48.9833,12.2,45.54,88,100,11.01,overcast clouds
438,Kargasok,RU,59.0556,80.8572,2.1,97,100,6.4,overcast clouds
439,Kaitangata,NZ,-46.2817,169.8464,56.28,96,100,5.35,heavy intensity rain
440,Bridlington,GB,54.0831,-0.1919,40.89,76,7,15.7,clear sky
441,Werder,DE,52.3787,12.934,45.7,72,100,29.01,overcast clouds
442,Usinsk,RU,65.9939,57.5281,13.3,91,100,18.34,overcast clouds
443,Kieta,PG,-6.2167,155.6333,80.19,86,100,8.7,light rain
444,Carballo,ES,43.213,-8.691,47.68,73,94,3.51,overcast clouds
445,Acari,PE,-15.4311,-74.6158,72.07,77,100,5.06,overcast clouds
446,Balikpapan,ID,-1.2675,116.8289,81.59,83,20,2.3,few clouds
447,Sao Raimundo Das Mangabeiras,BR,-7.0219,-45.4811,69.44,84,25,2.82,scattered clouds
448,Lawrenceburg,US,38.0373,-84.8966,23.02,67,100,5.01,overcast clouds
449,Bambanglipuro,ID,-7.95,110.2833,80.62,79,100,3.31,overcast clouds
450,Port Elizabeth,ZA,-33.918,25.5701,61.11,88,0,4.83,clear sky
451,Solok,ID,-0.7918,100.6593,70.75,94,100,1.19,overcast clouds
452,Pong,TH,19.1493,100.2752,67.08,65,8,1.36,clear sky
453,Port Hueneme,US,34.1478,-119.1951,68.49,21,0,9.22,clear sky
454,Cabo San Lucas,MX,22.8909,-109.9124,76.51,46,20,4.0,few clouds
455,Mackay,AU,-21.15,149.2,88.68,73,57,14.34,broken clouds
456,Belmonte,BR,-15.8631,-38.8828,77.5,82,70,10.54,broken clouds
457,Galveston,US,29.3669,-94.9669,57.31,66,0,3.0,clear sky
458,Manggar,ID,-2.8833,108.2667,80.71,75,100,4.88,overcast clouds
459,Groesbeek,NL,51.7667,5.9167,44.37,79,75,8.05,broken clouds
460,Beira,MZ,-19.8436,34.8389,77.09,88,20,4.61,few clouds
461,Nicoya,CR,10.1483,-85.452,78.35,68,18,12.08,few clouds
462,Denpasar,ID,-8.65,115.2167,82.06,83,75,3.44,broken clouds
463,Kloulklubed,PW,7.0419,134.2556,81.1,77,99,10.94,overcast clouds
464,Kailua,US,21.4022,-157.7394,80.15,63,0,10.36,clear sky
465,Namatanai,PG,-3.6667,152.4333,83.44,73,100,5.17,light rain
466,Ahipara,NZ,-35.1667,173.1667,76.53,48,100,5.08,overcast clouds
467,Mumbwa,ZM,-14.9783,27.0619,64.45,98,100,5.44,light rain
468,Verkhoyansk,RU,67.5447,133.385,-30.77,100,100,1.3,overcast clouds
469,Wilmington,US,34.2257,-77.9447,30.92,48,0,10.36,clear sky
470,Poltavka,RU,54.3663,71.7632,-4.74,94,100,7.14,overcast clouds
471,Manicore,BR,-5.8092,-61.3003,71.78,99,100,1.05,moderate rain
472,Ambon,ID,-3.6954,128.1814,87.94,62,40,10.36,scattered clouds
473,Plettenberg Bay,ZA,-34.0527,23.3716,63.63,91,9,3.42,clear sky
474,Cidreira,BR,-30.1811,-50.2056,71.58,65,12,11.41,few clouds
475,Santa Vitoria Do Palmar,BR,-33.5189,-53.3681,66.04,76,0,7.81,clear sky
476,Bardiyah,LY,31.7561,25.0865,51.35,75,99,23.31,overcast clouds
477,Belen,TR,36.4891,36.2233,33.94,75,75,11.5,broken clouds
478,Aksay,RU,47.26,39.87,34.02,98,86,13.0,overcast clouds
479,Kyra,RU,49.5776,111.9753,-8.34,94,5,4.92,clear sky
480,Sarankhola,BD,22.3082,89.7897,53.69,61,0,2.59,clear sky
481,Makakilo City,US,21.3469,-158.0858,78.69,57,40,9.22,scattered clouds
482,Sayyan,YE,15.1718,44.3244,49.12,46,5,0.45,clear sky
483,Warrnambool,AU,-38.3833,142.4833,72.81,85,100,9.6,overcast clouds
484,Pudozh,RU,61.8099,36.5345,12.51,93,100,6.49,overcast clouds
485,Mikhaylovskoye,RU,51.8239,79.7172,7.81,83,67,11.72,broken clouds
486,Henderson,US,36.0397,-114.9819,61.11,14,0,0.0,clear sky
487,Adrar,MR,20.5022,-10.0711,73.89,12,100,9.37,overcast clouds
488,Opelousas,US,30.5335,-92.0815,47.88,49,0,5.75,clear sky
489,Nouadhibou,MR,20.931,-17.0347,63.01,80,100,19.39,overcast clouds
490,Matagami,CA,49.7502,-77.6328,-3.89,84,0,3.44,clear sky
491,Gangapur,IN,26.4833,76.7167,52.63,40,0,3.42,clear sky
492,Mogadishu,SO,2.0371,45.3438,76.68,78,16,20.38,few clouds
493,Midland,US,31.9974,-102.0779,51.85,22,0,4.61,clear sky
494,Alappuzha,IN,9.49,76.3264,76.06,81,23,6.17,few clouds
495,Mao,ES,39.8885,4.2658,45.16,87,0,6.91,clear sky
496,Victoria,HK,22.2855,114.1577,56.17,80,51,3.0,broken clouds
497,Dehloran,IR,32.6941,47.2679,48.25,41,0,3.6,clear sky
498,Ust-Tsilma,RU,65.441,52.1498,17.26,94,100,8.03,light snow
499,West Lorne,CA,42.6001,-81.5998,10.81,89,93,3.15,overcast clouds
500,Yuanping,CN,38.7153,112.7575,24.46,62,6,2.33,clear sky
501,Itoman,JP,26.1247,127.6694,64.78,88,75,11.5,broken clouds
502,Jaca,ES,42.569,-0.5499,23.2,44,0,4.83,clear sky
503,Neyshabur,IR,36.2133,58.7958,36.0,37,0,2.8,clear sky
504,Chowchilla,US,37.123,-120.2602,61.11,47,0,4.61,clear sky
505,Behbahan,IR,30.5959,50.2417,49.08,52,0,3.22,clear sky
506,Aklavik,CA,68.2191,-135.0107,-21.19,92,100,4.32,overcast clouds
507,Hanna,CA,51.6334,-111.9018,22.37,76,100,6.53,overcast clouds
508,Balotra,IN,25.8333,72.2333,58.59,29,0,3.44,clear sky
509,Trincomalee,LK,8.5711,81.2335,77.77,82,31,0.78,scattered clouds
510,Neusiedl Am See,AT,47.9357,16.8325,48.72,71,100,27.42,overcast clouds
511,Ola,RU,59.5833,151.2833,16.84,78,100,11.61,overcast clouds
512,Comodoro Rivadavia,AR,-45.8667,-67.5,69.66,37,0,29.93,clear sky
513,Puerto Ayacucho,VE,5.6639,-67.6236,84.22,32,64,11.61,broken clouds
514,Ilulissat,GL,69.2167,-51.1,12.22,73,75,19.57,light snow
515,Chernyshevskiy,RU,63.0128,112.4714,-24.34,100,17,3.27,few clouds
516,Kungurtug,RU,50.5994,97.5228,-24.7,98,36,1.3,scattered clouds
517,Abong Mbang,CM,3.9833,13.1833,63.9,37,100,3.44,overcast clouds
518,Fengkou,CN,30.0833,113.2667,34.66,81,8,6.49,clear sky
519,Sambava,MG,-14.2667,50.1667,73.58,91,100,4.79,overcast clouds
520,Limbdi,IN,22.5667,71.8,59.41,34,0,5.21,clear sky
521,Corn Island,NI,12.1694,-83.0418,79.83,71,57,18.68,broken clouds
522,Almaznyy,RU,48.0448,40.045,32.14,89,95,17.07,overcast clouds
523,Nizwa,OM,22.9333,57.5333,64.18,47,0,0.96,clear sky
524,Lagoa Formosa,BR,-18.7786,-46.4075,72.01,87,100,1.83,overcast clouds
525,Walvis Bay,NA,-22.9575,14.5053,62.1,86,10,4.29,clear sky
526,Tahe,CN,52.3333,124.7333,1.24,72,68,7.99,broken clouds
527,Tongliao,CN,43.6125,122.2653,5.81,78,2,5.64,clear sky
528,Vila,PT,42.0304,-8.1588,40.93,48,43,4.59,scattered clouds
529,Gobabis,NA,-22.45,18.9667,68.18,77,18,11.92,light rain
530,Merauke,ID,-8.4667,140.3333,82.29,75,100,8.48,light rain
531,Tevriz,RU,57.509,72.4042,6.31,87,100,7.29,overcast clouds
532,Tautira,PF,-17.7333,-149.15,82.0,74,26,10.29,light rain
533,Kirkenaer,NO,60.4564,12.0582,39.99,55,100,19.39,light rain
534,Boguchany,RU,58.3814,97.4531,0.14,99,100,2.19,overcast clouds
535,Igunga,TZ,-4.2833,33.8833,66.18,85,100,3.27,light rain
536,Thunder Bay,CA,48.4001,-89.3168,18.55,87,100,2.3,overcast clouds
537,Fort Nelson,CA,58.8053,-122.7002,7.25,95,100,3.78,light snow
538,Esfahan,IR,32.6572,51.6776,22.64,36,0,6.62,clear sky
539,Mehamn,NO,71.0357,27.8492,17.04,82,78,3.29,broken clouds
540,Khash,IR,28.2211,61.2158,47.08,67,0,4.23,clear sky
541,Bendigo,AU,-36.7667,144.2833,82.85,64,27,1.99,scattered clouds
542,Espera Feliz,BR,-20.6503,-41.9072,67.57,92,100,4.76,overcast clouds
543,Houma,US,29.5958,-90.7195,46.4,55,0,5.75,clear sky
544,Deneysville,ZA,-26.8908,28.0971,58.12,93,51,7.92,broken clouds
545,Kutum,SD,14.2,24.6667,50.7,21,9,8.14,clear sky
546,Madimba,TZ,-10.4,40.3333,75.04,90,79,5.66,moderate rain
547,Catemaco,MX,18.4167,-95.1167,58.75,95,100,6.24,overcast clouds
548,Emporia,US,38.4039,-96.1817,46.6,25,0,8.05,clear sky
549,Sokoto,NG,13.0609,5.239,66.24,13,0,14.34,clear sky
550,Cravo Norte,CO,6.3017,-70.2041,83.16,40,100,6.06,overcast clouds
551,Port-Gentil,GA,-0.7193,8.7815,80.96,81,95,10.11,overcast clouds
552,Dongsheng,CN,39.8161,109.9776,15.4,43,0,19.8,clear sky
553,Baturaja,ID,-4.1333,104.1667,76.19,93,100,1.19,overcast clouds
554,Verkhnevilyuysk,RU,63.4453,120.3167,-20.63,99,91,4.81,overcast clouds
555,Umm Lajj,SA,25.0213,37.2685,61.41,48,0,11.25,clear sky
556,Kholmogory,RU,64.2229,41.656,17.71,96,100,7.61,overcast clouds
557,Neuquen,AR,-38.9516,-68.0591,80.44,20,4,30.24,clear sky
558,Lyuban,BY,52.7985,28.0048,29.95,96,100,21.65,snow
559,Lewistown,US,40.5992,-77.5714,20.07,38,0,5.75,clear sky
560,Arica,CL,-18.475,-70.3042,70.03,64,0,4.61,clear sky
561,Namtsy,RU,62.7161,129.6658,-30.89,100,65,0.92,broken clouds
562,Bathsheba,BB,13.2167,-59.5167,76.57,76,8,16.37,clear sky
563,Zhenhai,CN,24.2582,118.0905,56.08,84,100,12.33,light rain
564,Sinazongwe,ZM,-17.2614,27.4618,71.92,95,100,3.24,moderate rain
565,Wonthaggi,AU,-38.6044,145.5913,80.17,84,100,12.88,overcast clouds
566,Yarmouth,US,41.7057,-70.2286,21.97,94,100,14.97,fog
567,Asfi,MA,32.2994,-9.2372,60.39,71,0,2.55,clear sky
568,Andenes,NO,69.3143,16.1194,28.38,54,100,19.57,overcast clouds
569,Tyup,KG,42.7276,78.3648,17.8,83,100,3.85,overcast clouds
570,Nagato,JP,34.3833,131.2,45.19,52,100,8.3,overcast clouds
571,Kafue,ZM,-15.7691,28.1814,66.88,97,100,1.45,light rain
572,Wairoa,NZ,-39.0333,177.3667,75.54,64,1,8.01,clear sky
573,Stepnogorsk,KZ,52.3544,71.8869,3.52,97,39,7.49,scattered clouds
574,Pierre,US,44.3683,-100.351,39.85,45,0,9.22,clear sky
575,Lagos,NG,6.5833,3.75,72.39,33,98,4.09,overcast clouds
576,Tupik,RU,54.4253,119.9327,-14.04,95,14,2.91,few clouds
577,Mattru,SL,7.6244,-11.8332,73.8,89,97,2.1,overcast clouds
578,Banda Aceh,ID,5.5577,95.3222,80.15,75,71,5.53,broken clouds
579,Santa Cruz,BO,-17.8,-63.1667,80.06,74,75,4.61,broken clouds
580,Vagur,FO,61.4732,-6.8119,37.2,59,100,14.97,overcast clouds
581,Guane,CU,22.2025,-84.0875,63.41,67,97,10.54,overcast clouds
582,Petropavl,KZ,54.8753,69.1628,0.28,91,100,6.58,overcast clouds
583,Kuala Terengganu,MY,5.3302,103.1408,76.96,78,12,1.1,few clouds
584,Aljezur,PT,37.3191,-8.8033,56.3,50,100,4.63,overcast clouds
585,Prince Rupert,CA,54.3161,-130.3201,41.09,93,100,0.0,light rain
586,Oxford,GB,51.7522,-1.256,42.22,89,14,7.56,few clouds
587,Acarau,BR,-2.8856,-40.12,78.69,76,100,10.22,overcast clouds
588,Vao,NC,-22.6667,167.4833,79.72,87,15,20.22,light rain
589,Poum,NC,-20.2333,164.0167,81.84,76,99,9.04,overcast clouds
590,Maniitsoq,GL,65.4167,-52.9,8.67,75,100,26.37,light snow
591,Esso,RU,55.9333,158.7,22.75,87,100,3.44,overcast clouds
592,Adwa,ET,14.1646,38.8955,56.8,69,12,3.44,few clouds
593,Lincoln,US,40.8,-96.667,47.17,56,0,3.0,clear sky
594,Bitung,ID,1.4451,125.1824,86.85,70,98,7.96,overcast clouds
595,Viesite,LV,56.3475,25.5551,33.96,97,100,15.14,snow
596,Shitanjing,CN,39.2342,106.3439,12.81,39,0,32.88,clear sky
597,Sandpoint,US,48.2766,-116.5533,29.55,87,75,0.0,broken clouds
598,Kalabo,ZM,-14.97,22.6814,63.28,96,100,4.81,overcast clouds
599,Oranjestad,AW,12.524,-70.027,78.3,77,21,13.02,few clouds
600,Temerloh,MY,3.4483,102.4176,76.66,82,46,1.14,scattered clouds
601,Hami,CN,42.8,93.45,19.99,42,4,3.87,clear sky
602,Mashhad,IR,36.297,59.6062,30.34,86,0,0.0,clear sky
603,Lata,PT,40.1629,-8.3327,47.05,51,0,5.37,clear sky
604,Rio Grande,BR,-32.035,-52.0986,70.95,65,25,13.0,scattered clouds
605,Kangasala,FI,61.4638,24.076,28.98,99,100,14.34,light snow
606,Yulara,AU,-25.2406,130.9889,78.64,83,100,13.8,overcast clouds
607,Saint Stephen,GB,50.3333,-4.9,41.76,87,7,5.06,clear sky
608,Bilara,IN,26.1792,73.7056,53.65,30,0,2.39,clear sky
609,Cervo,ES,43.6702,-7.4101,49.96,85,100,15.57,overcast clouds
610,Campo Maior,BR,-4.8278,-42.1686,72.46,91,100,2.64,overcast clouds
611,Tamandare,BR,-8.7597,-35.1047,75.76,81,96,3.33,overcast clouds
612,Balkhash,KZ,46.844,74.9804,24.55,95,100,10.13,overcast clouds
613,Keti Bandar,PK,24.1447,67.4497,68.52,79,0,9.15,clear sky
614,Koutsouras,GR,35.0339,25.9469,52.11,91,94,11.7,overcast clouds
615,Mezen,RU,65.8522,44.24,12.02,94,100,10.2,overcast clouds
616,Mirnyy,RU,62.5353,113.9611,-15.77,75,34,7.0,scattered clouds
617,Anito,PH,12.4497,125.2886,81.84,77,12,4.7,few clouds
618,Caravelas,BR,-17.7125,-39.2481,78.58,82,12,10.67,few clouds
619,Chicama,PE,-7.8447,-79.1469,66.74,73,100,5.88,overcast clouds
620,Hervey Bay,AU,-25.2986,152.8535,86.11,75,21,14.85,few clouds
621,Vardo,NO,70.3705,31.1107,22.71,79,96,1.77,overcast clouds
622,Wabash,US,40.7978,-85.8205,19.81,74,100,4.76,overcast clouds
623,Taoudenni,ML,22.6783,-3.9836,72.5,12,100,13.09,overcast clouds
624,Tessalit,ML,20.1986,1.0114,66.04,16,81,10.87,broken clouds
625,Deputatskiy,RU,69.3,139.9,-19.79,96,99,2.15,overcast clouds
626,Murgab,TM,37.4966,61.9714,39.31,61,100,9.08,overcast clouds
627,Boditi,ET,6.9667,37.8667,54.9,53,45,4.29,scattered clouds
628,Mnogovershinnyy,RU,53.9353,139.9242,-0.69,92,100,5.95,overcast clouds
629,Trussville,US,33.6198,-86.6089,34.65,52,0,0.0,clear sky
630,Sjovegan,NO,68.8726,17.8474,14.23,84,100,6.73,overcast clouds
631,Bongandanga,CD,1.5,21.05,68.88,38,2,1.99,clear sky
632,Labuhan,ID,-6.8844,112.2051,81.64,77,96,5.57,overcast clouds
633,Siniscola,IT,40.5719,9.6922,49.55,61,6,6.73,clear sky
634,Severobaykalsk,RU,55.65,109.3167,-12.46,92,79,4.41,broken clouds
635,Malinovoye Ozero,RU,51.6753,79.7825,8.53,83,71,10.76,broken clouds
636,Hohhot,CN,40.8106,111.6522,16.79,64,100,2.55,overcast clouds
637,Pandamatenga,BW,-18.5278,25.627,65.84,97,99,7.58,light rain
638,Ardakan,IR,32.31,54.0175,38.88,37,0,9.69,clear sky
639,Tigil,RU,57.8,158.6667,25.99,82,100,6.73,overcast clouds
640,Acaponeta,MX,22.4964,-105.3594,69.73,66,0,2.71,clear sky
641,Newport,GB,51.5877,-2.9984,42.85,88,14,6.04,few clouds
642,Opuwo,NA,-18.0607,13.84,66.4,48,100,5.64,overcast clouds
643,Menongue,AO,-14.6585,17.691,63.19,97,100,9.57,light rain
644,Manado,ID,1.487,124.8455,86.77,70,20,4.61,few clouds
645,Tilichiki,RU,60.4667,166.1,10.45,79,20,15.12,few clouds
646,Pergamino,AR,-33.89,-60.5736,73.18,58,0,10.54,clear sky
647,Inhambane,MZ,-23.865,35.3833,76.59,70,100,7.99,overcast clouds
648,Coos Bay,US,43.3665,-124.2179,53.85,88,0,4.61,clear sky
649,Kalmunai,LK,7.4167,81.8167,75.79,87,23,1.95,few clouds
650,Pinkafeld,AT,47.3667,16.1167,38.71,81,100,5.32,overcast clouds
651,Arlit,NE,18.7369,7.3853,61.45,16,1,7.36,clear sky
652,Porto Novo,BJ,6.4965,2.6036,76.82,66,37,2.89,scattered clouds
653,Shimoda,JP,34.6667,138.95,46.76,55,100,12.12,overcast clouds
654,Loksa,EE,59.5764,25.7214,32.32,89,100,21.74,overcast clouds
655,Nombre De Dios,MX,23.85,-104.2333,67.8,28,0,6.26,clear sky
656,Coruripe,BR,-10.1256,-36.1756,77.14,66,100,6.87,overcast clouds
657,Oppdal,NO,62.5943,9.6912,26.47,96,100,14.5,light snow
658,Goderich,CA,43.7501,-81.7165,14.92,67,100,8.05,overcast clouds
659,Nago,JP,26.5881,127.9761,64.83,83,100,10.87,overcast clouds
660,Juba,SS,4.8517,31.5825,74.01,33,10,3.69,clear sky
661,Payson,US,40.0444,-111.7321,39.4,45,0,4.61,clear sky
662,Salalah,OM,17.0151,54.0924,68.09,68,0,2.3,clear sky
663,Honningsvag,NO,70.9821,25.9704,29.97,68,72,8.48,broken clouds
664,Nola,IT,40.922,14.5329,47.93,43,69,3.33,broken clouds
665,Flin Flon,CA,54.7682,-101.865,-7.4,100,77,1.95,broken clouds
666,Dalby,AU,-27.1833,151.2667,84.0,45,96,9.82,overcast clouds
667,Erzin,TR,36.9559,36.2,43.32,75,100,6.69,overcast clouds
668,Gornopravdinsk,RU,60.05,69.9,7.11,95,100,5.03,overcast clouds
669,Xiangfan,CN,32.0422,112.1448,35.82,74,8,1.3,clear sky
670,Guymon,US,36.6828,-101.4816,53.6,15,0,0.0,clear sky
671,Ucluelet,CA,48.9329,-125.5528,43.11,91,100,1.01,light rain
672,Kikwit,CD,-5.041,18.8162,72.97,74,100,1.57,overcast clouds
673,Tezu,IN,27.9167,96.1667,50.05,50,0,3.47,clear sky
674,Allonnes,FR,47.9674,0.1581,48.24,93,100,3.44,overcast clouds
675,Zhigansk,RU,66.7697,123.3711,-33.25,100,96,3.53,overcast clouds
676,Shubarshi,KZ,48.5872,57.1869,14.0,96,100,7.54,overcast clouds
677,Gamba,GA,-2.65,10.0,76.69,91,66,3.02,broken clouds
678,Stuttgart,DE,48.7823,9.177,46.06,89,75,18.41,light intensity drizzle
679,Bam,IR,29.106,58.357,53.58,41,1,5.5,clear sky
680,Kasempa,ZM,-13.4584,25.8338,64.31,98,100,6.38,moderate rain
681,Dogondoutchi,NE,13.6393,4.0287,67.06,13,1,12.15,clear sky
682,Waipawa,NZ,-41.4122,175.5153,71.29,44,8,11.77,clear sky
683,Kamariotissa,GR,40.4833,25.4667,42.85,68,4,18.86,clear sky
684,Hasilpur,PK,29.7122,72.5553,52.38,38,12,5.68,few clouds
685,Todos Santos,MX,23.45,-110.2167,76.01,74,1,7.9,clear sky
686,Strezhevoy,RU,60.7333,77.5889,-0.02,97,100,6.22,overcast clouds
687,Uddevalla,SE,58.3478,11.9424,41.99,59,2,5.01,clear sky
688,Troitskoye,RU,52.9821,84.6757,-4.47,97,29,4.5,scattered clouds
689,Vestmannaeyjar,IS,63.4427,-20.2734,41.0,65,100,18.72,overcast clouds
690,Demirci,TR,39.0461,28.6589,25.12,83,34,5.59,scattered clouds
691,Berlevag,NO,70.8578,29.0864,21.11,76,74,2.37,broken clouds
692,Truth Or Consequences,US,33.1284,-107.2528,50.23,18,0,3.44,clear sky
693,Yeppoon,AU,-23.1333,150.7333,85.78,72,57,16.04,broken clouds
694,Eregli,TR,37.5133,34.0467,23.45,81,100,3.47,overcast clouds
695,Dulce Grande,MX,23.0,-102.1667,61.43,43,18,12.15,few clouds
696,Pandan,PH,14.0453,124.1694,81.93,79,81,4.74,broken clouds
697,Evreux,FR,49.0241,1.1508,49.01,93,100,8.05,overcast clouds
698,Marsh Harbour,BS,26.5412,-77.0636,60.06,59,81,25.17,broken clouds
699,Huilong,CN,31.8111,121.655,44.92,67,82,13.87,broken clouds
700,Aksu,CN,41.1231,80.2644,24.3,50,73,5.14,broken clouds
701,Sabang,ID,5.8933,95.3214,81.9,67,75,6.44,broken clouds
702,Marienburg,PL,54.0359,19.0266,43.84,71,100,31.47,overcast clouds
703,Vaitape,PF,-16.5167,-151.75,80.65,72,99,8.23,overcast clouds
704,Ekibastuz,KZ,51.6667,75.3667,11.66,90,17,9.13,few clouds
705,Teguldet,RU,57.3064,88.1667,-3.73,100,85,2.64,overcast clouds
706,Bene Ayish,IL,31.7833,34.75,50.25,83,0,2.35,clear sky
707,Rio Gallegos,AR,-51.6226,-69.2181,48.25,93,75,9.22,light rain
708,Misratah,LY,32.3754,15.0925,55.81,52,14,23.71,few clouds
709,Chimbote,PE,-9.0853,-78.5783,70.63,80,100,8.79,overcast clouds
710,Noumea,NC,-22.2763,166.4572,85.98,99,35,15.9,scattered clouds
711,Chunoyar,RU,57.4467,97.3217,-1.68,99,100,2.37,overcast clouds
712,Mount Gambier,AU,-37.8333,140.7667,69.71,73,100,8.05,overcast clouds
713,Breves,BR,-1.6822,-50.4803,72.37,98,100,2.98,overcast clouds
714,Gravdal,NO,68.1214,13.5031,24.69,100,20,2.3,few clouds
715,Avera,US,33.194,-82.5271,35.71,33,0,9.71,clear sky
716,Yalova,TR,40.655,29.2769,36.84,79,50,5.64,scattered clouds
717,Tongzi,CN,28.7829,105.0877,39.87,84,25,1.7,scattered clouds
718,Kantang,TH,7.4054,99.5156,78.89,94,20,2.3,few clouds
719,Nioro,GM,13.35,-15.75,74.91,31,99,9.91,overcast clouds
